content_id,creator_id,content_type,created_timestamp,time_sensitivity
C0001,42,LONG,9,Medium
C0002,24,LONG,14,High
C0003,47,LONG,10,High
C0004,24,LONG,13,High
C0005,37,SHORT,23,High
C0006,2,LONG,17,Low
C0007,38,LONG,9,High
C0008,13,LONG,7,Medium
C0009,37,SHORT,15,Low
C0010,42,LONG,8,Medium
C0011,47,LONG,14,High
C0012,47,LONG,5,High
C0013,47,LONG,5,Low
C0014,42,SHORT,16,High
C0015,5,SHORT,0,Medium
C0016,9,SHORT,2,Low
C0017,10,SHORT,6,Low
C0018,30,LONG,1,Low
C0019,41,LONG,21,Medium
C0020,2,SHORT,17,Low
C0021,27,SHORT,0,Low
C0022,47,LONG,17,Medium
C0023,2,LONG,5,High
C0024,7,SHORT,7,High
C0025,40,LONG,11,Medium
C0026,26,SHORT,11,Medium
C0027,30,SHORT,22,High
C0028,20,SHORT,20,Low
C0029,49,SHORT,2,Medium
C0030,25,LONG,17,Medium
C0031,4,SHORT,22,High
C0032,6,LONG,13,Low
C0033,22,SHORT,16,High
C0034,15,SHORT,22,Low
C0035,31,LONG,1,High
C0036,44,LONG,17,Low
C0037,43,SHORT,5,Medium
C0038,2,SHORT,18,High
C0039,49,LONG,2,Medium
C0040,11,SHORT,18,Medium
C0041,44,LONG,12,Low
C0042,9,SHORT,16,Low
C0043,23,SHORT,3,Medium
C0044,15,SHORT,10,Low
C0045,50,LONG,10,High
C0046,41,LONG,14,Medium
C0047,15,LONG,17,Medium
C0048,28,SHORT,21,Low
C0049,43,LONG,2,Low
C0050,19,SHORT,22,High
C0051,6,LONG,4,Medium
C0052,46,SHORT,23,Medium
C0053,21,LONG,3,High
C0054,1,LONG,14,Medium
C0055,49,LONG,3,High
C0056,6,SHORT,13,Medium
C0057,36,LONG,3,High
C0058,6,LONG,17,High
C0059,39,LONG,12,High
C0060,19,LONG,12,High
C0061,47,SHORT,18,Low
C0062,11,LONG,5,High
C0063,18,LONG,8,Medium
C0064,10,SHORT,5,Medium
C0065,18,LONG,9,Medium
C0066,5,LONG,8,High
C0067,47,LONG,19,Low
C0068,13,LONG,3,High
C0069,20,SHORT,12,Medium
C0070,40,LONG,10,Medium
C0071,22,LONG,20,Low
C0072,9,LONG,10,Low
C0073,45,SHORT,15,Medium
C0074,12,LONG,10,Medium
C0075,48,LONG,18,High
C0076,21,LONG,8,Medium
C0077,24,SHORT,18,High
C0078,38,SHORT,21,Low
C0079,2,LONG,22,High
C0080,29,LONG,22,High
C0081,27,LONG,4,Low
C0082,20,SHORT,8,Low
C0083,10,LONG,12,High
C0084,29,LONG,18,Medium
C0085,35,LONG,17,High
C0086,24,SHORT,3,High
C0087,43,LONG,5,Low
C0088,40,SHORT,18,Low
C0089,44,LONG,10,Medium
C0090,7,SHORT,3,Medium
C0091,15,SHORT,14,Medium
C0092,26,LONG,21,Low
C0093,45,SHORT,11,High
C0094,31,SHORT,9,Medium
C0095,6,SHORT,23,High
C0096,23,LONG,10,Medium
C0097,14,LONG,11,Medium
C0098,7,LONG,23,Low
C0099,29,LONG,2,Medium
C0100,3,SHORT,0,Medium
C0101,42,SHORT,21,High
C0102,48,SHORT,16,High
C0103,36,SHORT,10,Low
C0104,28,LONG,7,Medium
C0105,41,SHORT,5,Low
C0106,43,LONG,12,High
C0107,48,SHORT,14,Low
C0108,28,LONG,0,Low
C0109,14,SHORT,8,Low
C0110,5,SHORT,17,High
C0111,24,LONG,6,Medium
C0112,8,LONG,21,Medium
C0113,34,LONG,19,Medium
C0114,40,LONG,18,High
C0115,23,LONG,14,Low
C0116,12,LONG,19,Low
C0117,6,SHORT,10,High
C0118,16,LONG,3,High
C0119,24,SHORT,16,Medium
C0120,27,SHORT,18,Medium
C0121,28,SHORT,15,Low
C0122,35,SHORT,17,High
C0123,32,LONG,4,High
C0124,21,LONG,19,High
C0125,23,SHORT,15,High
C0126,13,LONG,17,Low
C0127,42,LONG,13,Low
C0128,32,LONG,22,Medium
C0129,32,SHORT,2,Low
C0130,2,SHORT,9,High
C0131,18,SHORT,17,Medium
C0132,11,LONG,18,Low
C0133,50,LONG,17,Low
C0134,8,SHORT,8,Low
C0135,24,SHORT,23,Medium
C0136,35,SHORT,13,High
C0137,48,SHORT,9,High
C0138,29,LONG,11,High
C0139,29,SHORT,7,High
C0140,48,LONG,22,Low
C0141,41,LONG,5,Low
C0142,9,SHORT,6,High
C0143,37,LONG,17,Medium
C0144,39,SHORT,10,Low
C0145,19,LONG,18,Medium
C0146,33,SHORT,4,Medium
C0147,4,LONG,20,High
C0148,45,SHORT,7,High
C0149,46,LONG,7,Low
C0150,26,LONG,4,Low
C0151,41,LONG,20,Medium
C0152,25,LONG,2,Low
C0153,50,SHORT,12,Low
C0154,48,LONG,22,Medium
C0155,30,LONG,10,Low
C0156,1,SHORT,23,Medium
C0157,41,LONG,2,Low
C0158,26,SHORT,13,High
C0159,32,LONG,10,Medium
C0160,22,SHORT,18,Medium
C0161,22,SHORT,1,High
C0162,41,LONG,0,High
C0163,11,LONG,14,High
C0164,28,SHORT,22,High
C0165,42,LONG,5,Medium
C0166,6,LONG,8,High
C0167,24,SHORT,1,Medium
C0168,41,LONG,23,Low
C0169,49,SHORT,13,Low
C0170,6,SHORT,0,High
C0171,31,SHORT,4,Low
C0172,15,LONG,0,High
C0173,45,LONG,3,Medium
C0174,45,SHORT,15,High
C0175,15,LONG,2,Low
C0176,7,SHORT,10,Medium
C0177,20,SHORT,12,High
C0178,42,SHORT,2,Low
C0179,37,SHORT,19,Low
C0180,11,LONG,11,Low
C0181,14,SHORT,13,Low
C0182,44,LONG,6,High
C0183,7,SHORT,3,Low
C0184,47,LONG,11,Medium
C0185,21,SHORT,7,Medium
C0186,42,SHORT,7,Low
C0187,39,LONG,22,High
C0188,43,LONG,6,Low
C0189,39,SHORT,23,Medium
C0190,19,SHORT,7,Medium
C0191,25,SHORT,7,Medium
C0192,41,SHORT,16,High
C0193,24,LONG,4,Medium
C0194,37,LONG,11,Low
C0195,44,SHORT,15,High
C0196,2,SHORT,0,Medium
C0197,14,SHORT,1,Medium
C0198,33,LONG,20,Low
C0199,33,LONG,13,Low
C0200,26,SHORT,20,Low
C0201,35,SHORT,8,High
C0202,20,SHORT,16,High
C0203,10,LONG,12,Low
C0204,41,SHORT,9,Low
C0205,28,SHORT,1,High
C0206,6,LONG,3,Medium
C0207,40,SHORT,9,Low
C0208,48,SHORT,3,High
C0209,46,SHORT,22,High
C0210,11,LONG,11,Low
C0211,34,LONG,5,Medium
C0212,9,LONG,23,High
C0213,50,SHORT,10,Medium
C0214,18,SHORT,8,Low
C0215,37,SHORT,15,Medium
C0216,33,LONG,1,Medium
C0217,37,SHORT,11,High
C0218,17,SHORT,18,Low
C0219,47,SHORT,7,Low
C0220,33,SHORT,1,High
C0221,16,SHORT,15,Medium
C0222,25,SHORT,5,High
C0223,36,LONG,7,Medium
C0224,16,LONG,23,Medium
C0225,18,SHORT,18,Medium
C0226,8,SHORT,5,High
C0227,34,SHORT,12,High
C0228,30,LONG,9,Medium
C0229,6,LONG,0,Medium
C0230,13,LONG,18,Medium
C0231,48,SHORT,14,Medium
C0232,38,LONG,6,Low
C0233,35,SHORT,4,High
C0234,27,SHORT,7,Low
C0235,23,SHORT,10,High
C0236,49,LONG,23,Low
C0237,20,SHORT,6,Low
C0238,16,LONG,15,High
C0239,10,LONG,2,High
C0240,15,LONG,22,Medium
C0241,30,SHORT,18,High
C0242,33,SHORT,20,Medium
C0243,5,SHORT,13,Low
C0244,9,SHORT,9,Medium
C0245,21,LONG,22,Low
C0246,21,LONG,14,Medium
C0247,15,SHORT,6,High
C0248,50,SHORT,4,High
C0249,11,LONG,14,Medium
C0250,27,SHORT,17,Medium
C0251,50,SHORT,14,Medium
C0252,30,LONG,3,High
C0253,11,LONG,22,Low
C0254,39,SHORT,6,Medium
C0255,10,SHORT,22,High
C0256,23,LONG,16,High
C0257,44,LONG,8,High
C0258,2,LONG,14,Low
C0259,48,SHORT,3,Medium
C0260,7,SHORT,3,High
C0261,4,SHORT,4,High
C0262,26,LONG,21,Low
C0263,42,SHORT,18,Low
C0264,17,SHORT,0,High
C0265,13,LONG,4,High
C0266,22,SHORT,1,Medium
C0267,4,SHORT,18,Medium
C0268,47,LONG,15,High
C0269,25,LONG,5,Medium
C0270,14,SHORT,8,Medium
C0271,29,SHORT,1,Low
C0272,40,SHORT,20,Medium
C0273,32,LONG,17,Medium
C0274,4,SHORT,8,Medium
C0275,9,LONG,6,Low
C0276,34,SHORT,20,Low
C0277,2,LONG,22,Medium
C0278,31,LONG,11,Low
C0279,33,LONG,12,Medium
C0280,12,SHORT,10,Low
C0281,15,SHORT,8,High
C0282,31,LONG,18,High
C0283,11,SHORT,7,Low
C0284,16,LONG,17,Low
C0285,4,SHORT,18,Medium
C0286,23,SHORT,5,High
C0287,38,LONG,23,Low
C0288,23,SHORT,22,Low
C0289,23,SHORT,18,High
C0290,32,LONG,5,Medium
C0291,3,SHORT,1,High
C0292,39,SHORT,0,Low
C0293,31,SHORT,10,Low
C0294,13,SHORT,10,Low
C0295,12,LONG,1,High
C0296,10,SHORT,3,Low
C0297,24,SHORT,11,Low
C0298,43,LONG,18,High
C0299,22,LONG,10,High
C0300,11,LONG,20,Medium
C0301,42,LONG,5,Low
C0302,36,LONG,7,Low
C0303,38,SHORT,12,Medium
C0304,47,LONG,4,High
C0305,47,SHORT,22,Low
C0306,26,SHORT,5,Low
C0307,21,SHORT,20,Low
C0308,7,LONG,4,Medium
C0309,48,SHORT,7,Medium
C0310,21,SHORT,20,High
C0311,46,LONG,14,High
C0312,17,SHORT,7,Low
C0313,5,LONG,8,High
C0314,47,SHORT,1,Medium
C0315,29,LONG,5,Medium
C0316,32,LONG,11,Low
C0317,25,SHORT,15,Low
C0318,42,SHORT,5,Medium
C0319,5,SHORT,9,High
C0320,21,LONG,3,High
C0321,22,SHORT,12,High
C0322,47,SHORT,17,High
C0323,22,LONG,22,High
C0324,28,SHORT,19,Medium
C0325,11,SHORT,3,Medium
C0326,14,SHORT,13,Low
C0327,36,LONG,21,Medium
C0328,20,SHORT,3,High
C0329,26,LONG,4,High
C0330,24,SHORT,13,High
C0331,19,LONG,6,High
C0332,2,SHORT,5,Low
C0333,19,SHORT,15,High
C0334,20,LONG,15,Medium
C0335,43,LONG,2,Low
C0336,35,LONG,5,Medium
C0337,25,LONG,5,Medium
C0338,3,LONG,14,Medium
C0339,17,SHORT,8,Low
C0340,4,SHORT,22,Low
C0341,7,SHORT,21,Medium
C0342,35,LONG,18,High
C0343,36,SHORT,12,Low
C0344,27,LONG,18,High
C0345,31,LONG,2,Medium
C0346,46,SHORT,16,Low
C0347,34,SHORT,3,Medium
C0348,12,SHORT,6,High
C0349,9,SHORT,13,High
C0350,44,LONG,6,Low
C0351,10,LONG,10,Low
C0352,5,SHORT,12,Low
C0353,26,LONG,8,Low
C0354,30,SHORT,22,Low
C0355,38,LONG,3,Medium
C0356,10,SHORT,18,Low
C0357,38,SHORT,3,Low
C0358,50,SHORT,9,Low
C0359,23,LONG,8,Medium
C0360,42,LONG,18,Low
C0361,31,SHORT,5,Medium
C0362,26,SHORT,19,Low
C0363,44,LONG,1,Medium
C0364,22,SHORT,1,Low
C0365,31,LONG,11,High
C0366,22,LONG,9,Medium
C0367,32,SHORT,7,High
C0368,20,LONG,10,Medium
C0369,47,LONG,19,Low
C0370,6,SHORT,14,High
C0371,27,LONG,16,Medium
C0372,4,SHORT,2,Medium
C0373,46,LONG,4,Low
C0374,37,SHORT,5,High
C0375,13,SHORT,7,High
C0376,30,SHORT,11,Low
C0377,13,LONG,11,Medium
C0378,33,LONG,20,High
C0379,44,SHORT,7,Medium
C0380,32,LONG,5,Medium
C0381,38,LONG,11,High
C0382,17,SHORT,9,High
C0383,25,SHORT,5,Low
C0384,50,SHORT,7,Low
C0385,15,SHORT,8,Low
C0386,27,SHORT,21,High
C0387,31,SHORT,20,High
C0388,39,SHORT,7,Medium
C0389,39,LONG,22,Low
C0390,42,LONG,13,Medium
C0391,23,LONG,8,High
C0392,30,LONG,21,Low
C0393,40,LONG,18,High
C0394,1,LONG,17,Low
C0395,39,LONG,9,Low
C0396,7,LONG,2,Medium
C0397,18,LONG,8,Medium
C0398,42,LONG,6,High
C0399,34,SHORT,1,Low
C0400,26,LONG,21,High
C0401,47,SHORT,20,Medium
C0402,19,LONG,13,Medium
C0403,25,SHORT,18,Low
C0404,37,SHORT,10,Low
C0405,46,SHORT,21,Low
C0406,41,LONG,21,Medium
C0407,33,LONG,5,Low
C0408,36,SHORT,9,High
C0409,31,SHORT,23,Medium
C0410,47,SHORT,21,Medium
C0411,42,SHORT,7,Medium
C0412,15,LONG,13,Medium
C0413,24,LONG,18,Medium
C0414,30,SHORT,15,High
C0415,41,SHORT,15,High
C0416,33,SHORT,21,Medium
C0417,34,LONG,13,High
C0418,10,SHORT,6,Medium
C0419,27,LONG,4,Medium
C0420,46,SHORT,2,Medium
C0421,22,SHORT,10,Low
C0422,4,SHORT,14,Medium
C0423,14,SHORT,18,High
C0424,32,SHORT,4,Low
C0425,28,LONG,12,Medium
C0426,31,LONG,0,High
C0427,35,SHORT,23,Medium
C0428,1,LONG,16,High
C0429,2,SHORT,20,Low
C0430,16,SHORT,22,Medium
C0431,20,SHORT,3,Medium
C0432,33,LONG,5,High
C0433,3,LONG,9,Medium
C0434,47,LONG,13,Low
C0435,9,LONG,15,Medium
C0436,49,SHORT,5,Medium
C0437,2,SHORT,7,Low
C0438,9,SHORT,23,High
C0439,38,SHORT,3,Medium
C0440,46,SHORT,12,Low
C0441,17,SHORT,19,High
C0442,43,SHORT,20,High
C0443,4,SHORT,13,Medium
C0444,25,SHORT,17,Medium
C0445,31,SHORT,6,Low
C0446,44,SHORT,9,Medium
C0447,43,SHORT,21,Low
C0448,18,SHORT,13,High
C0449,33,SHORT,9,High
C0450,7,LONG,6,Low
C0451,13,LONG,16,High
C0452,23,LONG,9,High
C0453,3,LONG,6,Low
C0454,31,LONG,7,High
C0455,1,SHORT,3,Low
C0456,43,LONG,4,High
C0457,50,SHORT,23,Low
C0458,7,LONG,20,High
C0459,30,LONG,8,Medium
C0460,4,SHORT,5,High
C0461,19,LONG,21,Medium
C0462,28,SHORT,3,High
C0463,1,SHORT,21,Low
C0464,11,LONG,11,Medium
C0465,40,LONG,23,High
C0466,24,LONG,5,High
C0467,26,LONG,14,Medium
C0468,25,LONG,13,Low
C0469,11,SHORT,4,Low
C0470,47,SHORT,5,High
C0471,27,LONG,18,Low
C0472,29,SHORT,19,Medium
C0473,50,LONG,19,High
C0474,44,SHORT,15,Medium
C0475,8,LONG,14,High
C0476,5,LONG,20,Medium
C0477,1,SHORT,21,Medium
C0478,34,SHORT,13,Low
C0479,47,SHORT,15,Medium
C0480,43,LONG,4,Low
C0481,40,SHORT,0,Low
C0482,11,LONG,15,High
C0483,5,LONG,10,High
C0484,22,LONG,1,Low
C0485,15,LONG,12,High
C0486,6,LONG,14,Low
C0487,29,SHORT,15,Medium
C0488,21,SHORT,15,Low
C0489,42,SHORT,3,Medium
C0490,27,SHORT,17,Low
C0491,1,SHORT,19,Low
C0492,41,LONG,16,Low
C0493,14,LONG,10,Medium
C0494,4,SHORT,14,Medium
C0495,36,LONG,22,Low
C0496,24,LONG,3,High
C0497,49,SHORT,0,Medium
C0498,23,LONG,17,Low
C0499,24,SHORT,1,High
C0500,32,SHORT,22,Low
C0501,47,LONG,3,Medium
C0502,40,SHORT,6,High
C0503,26,SHORT,14,High
C0504,46,LONG,3,Medium
C0505,3,SHORT,14,Medium
C0506,43,SHORT,15,High
C0507,34,SHORT,17,Medium
C0508,38,LONG,16,High
C0509,45,SHORT,23,High
C0510,7,LONG,21,Low
C0511,39,LONG,16,Medium
C0512,27,SHORT,8,Medium
C0513,22,LONG,14,High
C0514,9,LONG,19,Low
C0515,48,LONG,22,Low
C0516,21,SHORT,6,High
C0517,40,LONG,21,Medium
C0518,44,SHORT,22,Low
C0519,12,LONG,22,High
C0520,49,LONG,17,Medium
C0521,38,LONG,21,Low
C0522,35,LONG,13,High
C0523,34,SHORT,0,Medium
C0524,10,SHORT,21,High
C0525,13,LONG,5,Medium
C0526,44,LONG,4,High
C0527,45,LONG,6,Low
C0528,3,LONG,14,High
C0529,40,SHORT,23,Low
C0530,36,LONG,7,Low
C0531,45,LONG,22,Low
C0532,4,LONG,12,Medium
C0533,44,LONG,17,High
C0534,1,LONG,6,Low
C0535,50,LONG,7,Low
C0536,46,LONG,18,Low
C0537,48,SHORT,23,High
C0538,19,LONG,5,Low
C0539,5,SHORT,5,Low
C0540,33,SHORT,12,High
C0541,28,LONG,17,Medium
C0542,9,SHORT,18,Medium
C0543,1,LONG,14,Low
C0544,10,SHORT,4,Medium
C0545,39,SHORT,20,Low
C0546,43,LONG,15,Low
C0547,36,LONG,2,Low
C0548,21,SHORT,5,Low
C0549,5,SHORT,13,Low
C0550,35,LONG,2,Medium
C0551,15,SHORT,21,Medium
C0552,22,LONG,9,High
C0553,49,LONG,17,Low
C0554,1,SHORT,21,Medium
C0555,29,SHORT,20,Low
C0556,40,SHORT,1,Low
C0557,21,LONG,3,Medium
C0558,17,LONG,0,Low
C0559,50,LONG,16,Low
C0560,29,LONG,1,Medium
C0561,42,SHORT,10,Low
C0562,6,SHORT,5,Low
C0563,35,SHORT,20,High
C0564,14,SHORT,21,Medium
C0565,7,SHORT,17,Low
C0566,48,LONG,20,High
C0567,48,SHORT,0,Medium
C0568,46,LONG,1,High
C0569,5,SHORT,5,Medium
C0570,36,SHORT,18,High
C0571,17,LONG,12,Medium
C0572,41,LONG,13,Medium
C0573,2,LONG,21,High
C0574,35,SHORT,20,Low
C0575,40,SHORT,23,Low
C0576,3,SHORT,11,Low
C0577,7,LONG,21,Medium
C0578,39,SHORT,9,Medium
C0579,25,LONG,21,High
C0580,31,SHORT,17,High
C0581,9,LONG,17,Medium
C0582,41,SHORT,9,Low
C0583,47,LONG,0,Low
C0584,36,SHORT,3,High
C0585,1,LONG,17,Low
C0586,6,LONG,6,Low
C0587,48,LONG,6,Medium
C0588,42,SHORT,5,High
C0589,15,LONG,6,High
C0590,12,SHORT,17,Medium
C0591,42,SHORT,9,Low
C0592,5,LONG,3,High
C0593,47,LONG,10,Medium
C0594,9,SHORT,3,Medium
C0595,40,SHORT,6,Medium
C0596,32,LONG,10,Low
C0597,43,LONG,22,Low
C0598,10,LONG,10,Medium
C0599,11,SHORT,10,High
C0600,15,LONG,8,Medium
C0601,9,LONG,15,Medium
C0602,29,LONG,9,Medium
C0603,36,SHORT,5,Low
C0604,39,SHORT,8,High
C0605,35,SHORT,8,Low
C0606,41,SHORT,23,High
C0607,2,SHORT,18,Low
C0608,26,SHORT,1,Low
C0609,17,LONG,20,High
C0610,24,LONG,7,Low
C0611,47,LONG,4,Medium
C0612,33,SHORT,12,Medium
C0613,33,SHORT,21,High
C0614,40,SHORT,16,High
C0615,29,SHORT,5,Low
C0616,37,SHORT,23,Low
C0617,31,LONG,1,High
C0618,49,LONG,7,High
C0619,17,LONG,7,High
C0620,43,SHORT,16,Medium
C0621,25,LONG,14,High
C0622,3,LONG,3,Low
C0623,34,LONG,23,Medium
C0624,38,SHORT,12,Low
C0625,25,LONG,18,Low
C0626,5,LONG,12,High
C0627,34,LONG,11,Medium
C0628,32,LONG,19,High
C0629,33,SHORT,14,High
C0630,15,SHORT,16,Low
C0631,18,SHORT,4,High
C0632,11,LONG,19,Low
C0633,8,SHORT,13,Medium
C0634,47,SHORT,15,Low
C0635,31,LONG,6,Low
C0636,11,LONG,0,High
C0637,3,SHORT,18,Low
C0638,11,SHORT,20,Low
C0639,3,SHORT,1,High
C0640,17,SHORT,16,Medium
C0641,39,SHORT,23,Low
C0642,43,LONG,2,High
C0643,29,LONG,15,High
C0644,15,LONG,19,High
C0645,38,SHORT,19,Low
C0646,33,LONG,5,Low
C0647,44,LONG,14,Low
C0648,38,SHORT,7,Medium
C0649,25,SHORT,3,High
C0650,13,LONG,4,Low
C0651,7,SHORT,15,Low
C0652,39,SHORT,17,Low
C0653,49,SHORT,2,Medium
C0654,43,SHORT,19,Low
C0655,1,LONG,16,Medium
C0656,24,SHORT,22,Low
C0657,28,SHORT,15,Medium
C0658,23,SHORT,13,High
C0659,17,LONG,7,High
C0660,19,LONG,8,High
C0661,1,SHORT,18,Low
C0662,8,SHORT,12,Low
C0663,14,LONG,13,Medium
C0664,7,SHORT,13,Low
C0665,38,LONG,8,Low
C0666,28,LONG,19,Medium
C0667,44,LONG,6,Medium
C0668,36,LONG,5,Medium
C0669,36,LONG,8,Medium
C0670,37,LONG,22,Medium
C0671,48,SHORT,21,High
C0672,48,SHORT,14,Low
C0673,11,SHORT,6,Low
C0674,26,LONG,17,Low
C0675,45,SHORT,5,Medium
C0676,41,SHORT,2,High
C0677,31,LONG,2,High
C0678,17,SHORT,11,High
C0679,39,SHORT,23,Medium
C0680,26,LONG,22,Low
C0681,4,SHORT,20,Medium
C0682,29,SHORT,6,Low
C0683,34,LONG,6,High
C0684,39,SHORT,19,High
C0685,44,SHORT,11,High
C0686,42,SHORT,5,High
C0687,18,LONG,11,Low
C0688,26,LONG,18,High
C0689,34,SHORT,23,Low
C0690,5,SHORT,17,Medium
C0691,47,LONG,11,Medium
C0692,15,SHORT,14,Medium
C0693,37,SHORT,8,High
C0694,27,SHORT,17,High
C0695,33,LONG,10,High
C0696,33,LONG,17,Low
C0697,17,LONG,12,Low
C0698,31,SHORT,10,Medium
C0699,44,LONG,18,High
C0700,31,SHORT,8,High
C0701,25,SHORT,21,Low
C0702,15,LONG,13,Medium
C0703,34,SHORT,22,Medium
C0704,16,LONG,2,Medium
C0705,44,LONG,2,Low
C0706,12,LONG,10,Medium
C0707,14,LONG,5,Low
C0708,44,SHORT,15,Low
C0709,13,SHORT,23,High
C0710,17,SHORT,7,High
C0711,16,LONG,4,High
C0712,8,SHORT,21,Low
C0713,32,SHORT,17,High
C0714,31,LONG,19,Medium
C0715,32,LONG,15,High
C0716,49,LONG,12,High
C0717,49,SHORT,1,Low
C0718,28,LONG,17,High
C0719,33,LONG,12,Low
C0720,50,SHORT,14,High
C0721,45,LONG,10,Low
C0722,1,SHORT,21,High
C0723,25,SHORT,10,Medium
C0724,40,LONG,5,Low
C0725,17,SHORT,8,Medium
C0726,40,LONG,11,High
C0727,32,LONG,6,Medium
C0728,45,LONG,11,Medium
C0729,18,LONG,5,Low
C0730,9,SHORT,3,Low
C0731,18,SHORT,17,Medium
C0732,25,SHORT,4,Low
C0733,10,LONG,0,High
C0734,27,LONG,4,Low
C0735,34,LONG,15,Medium
C0736,17,SHORT,12,High
C0737,45,SHORT,1,High
C0738,17,LONG,20,High
C0739,29,LONG,8,Medium
C0740,24,LONG,11,High
C0741,27,SHORT,11,Low
C0742,39,SHORT,18,Low
C0743,42,SHORT,9,Medium
C0744,21,LONG,23,Medium
C0745,6,LONG,19,Medium
C0746,30,SHORT,5,Low
C0747,22,LONG,20,Low
C0748,37,LONG,2,High
C0749,11,LONG,7,Medium
C0750,21,LONG,22,Medium
C0751,39,LONG,8,Medium
C0752,50,LONG,23,Low
C0753,34,LONG,13,High
C0754,12,SHORT,4,Low
C0755,16,LONG,23,Low
C0756,48,SHORT,6,High
C0757,26,SHORT,3,High
C0758,31,SHORT,0,Medium
C0759,34,SHORT,3,Medium
C0760,40,SHORT,2,Low
C0761,25,LONG,7,High
C0762,48,LONG,14,Low
C0763,9,SHORT,16,High
C0764,2,SHORT,21,Medium
C0765,21,LONG,14,Low
C0766,18,LONG,4,Low
C0767,35,SHORT,18,Low
C0768,30,LONG,16,Low
C0769,41,LONG,11,Medium
C0770,35,SHORT,2,Medium
C0771,20,LONG,13,Medium
C0772,10,LONG,0,High
C0773,34,SHORT,11,Medium
C0774,31,SHORT,22,Medium
C0775,49,LONG,9,High
C0776,50,LONG,9,Low
C0777,15,SHORT,17,Medium
C0778,13,LONG,17,Medium
C0779,26,SHORT,5,Low
C0780,48,LONG,12,High
C0781,17,SHORT,13,Low
C0782,16,LONG,9,Low
C0783,48,LONG,13,High
C0784,5,SHORT,4,Medium
C0785,8,LONG,19,Medium
C0786,18,LONG,6,Medium
C0787,2,SHORT,1,Low
C0788,2,SHORT,3,Medium
C0789,18,SHORT,22,Medium
C0790,47,SHORT,7,High
C0791,10,SHORT,15,High
C0792,22,LONG,9,Medium
C0793,24,LONG,22,High
C0794,22,SHORT,4,High
C0795,18,LONG,2,Low
C0796,31,SHORT,6,Medium
C0797,25,SHORT,3,Low
C0798,16,LONG,14,High
C0799,48,SHORT,6,Medium
C0800,48,SHORT,16,Low
C0801,14,LONG,12,Low
C0802,20,LONG,5,Low
C0803,47,SHORT,23,Low
C0804,34,SHORT,8,Medium
C0805,41,LONG,6,Medium
C0806,4,SHORT,3,High
C0807,41,LONG,10,High
C0808,11,LONG,18,High
C0809,26,SHORT,0,High
C0810,38,LONG,22,Low
C0811,10,LONG,2,High
C0812,11,LONG,2,Low
C0813,40,LONG,20,High
C0814,4,LONG,20,High
C0815,45,SHORT,4,Medium
C0816,15,LONG,17,Low
C0817,49,LONG,14,Low
C0818,13,SHORT,22,Medium
C0819,23,SHORT,8,High
C0820,32,LONG,17,Medium
C0821,35,LONG,6,Low
C0822,12,LONG,10,Low
C0823,30,LONG,19,Low
C0824,11,SHORT,16,High
C0825,29,LONG,8,Low
C0826,24,LONG,0,Low
C0827,33,LONG,23,High
C0828,2,LONG,19,High
C0829,21,SHORT,21,Low
C0830,25,SHORT,16,Low
C0831,32,SHORT,19,Medium
C0832,21,LONG,20,Medium
C0833,8,SHORT,16,Low
C0834,5,SHORT,4,High
C0835,3,SHORT,3,Medium
C0836,13,SHORT,1,Low
C0837,42,LONG,21,Medium
C0838,34,LONG,1,Medium
C0839,15,SHORT,0,High
C0840,42,LONG,2,Medium
C0841,41,SHORT,11,Low
C0842,48,LONG,11,Low
C0843,4,LONG,16,High
C0844,47,SHORT,9,High
C0845,14,SHORT,3,Low
C0846,15,LONG,6,High
C0847,34,SHORT,18,Low
C0848,12,LONG,23,High
C0849,50,LONG,21,Medium
C0850,45,LONG,3,High
C0851,12,LONG,16,Medium
C0852,43,SHORT,17,Low
C0853,29,LONG,10,Low
C0854,21,LONG,13,Low
C0855,28,LONG,19,High
C0856,37,SHORT,12,Low
C0857,48,LONG,11,Medium
C0858,29,LONG,0,Low
C0859,3,LONG,19,High
C0860,34,SHORT,9,High
C0861,20,SHORT,6,Medium
C0862,2,LONG,17,Low
C0863,36,SHORT,3,High
C0864,30,LONG,4,High
C0865,17,LONG,18,High
C0866,15,LONG,9,High
C0867,37,LONG,18,High
C0868,47,SHORT,23,Medium
C0869,31,SHORT,15,Low
C0870,45,SHORT,19,Low
C0871,20,SHORT,23,Low
C0872,25,SHORT,1,Medium
C0873,23,LONG,13,High
C0874,50,SHORT,23,Low
C0875,39,SHORT,20,Low
C0876,25,SHORT,9,Low
C0877,3,LONG,17,Low
C0878,10,LONG,16,Low
C0879,15,SHORT,1,Low
C0880,47,LONG,14,Low
C0881,37,SHORT,7,Medium
C0882,19,LONG,4,High
C0883,22,SHORT,15,Low
C0884,48,SHORT,17,Medium
C0885,17,SHORT,12,Low
C0886,28,SHORT,4,Medium
C0887,36,SHORT,15,Medium
C0888,42,SHORT,17,Low
C0889,48,SHORT,7,High
C0890,18,LONG,10,Low
C0891,37,SHORT,3,Low
C0892,27,LONG,11,Medium
C0893,13,LONG,11,Low
C0894,42,SHORT,9,High
C0895,23,LONG,19,High
C0896,29,SHORT,7,High
C0897,44,LONG,4,Low
C0898,6,SHORT,23,High
C0899,16,SHORT,9,High
C0900,22,SHORT,9,Medium
C0901,31,SHORT,10,High
C0902,48,SHORT,6,Low
C0903,34,LONG,17,Medium
C0904,40,SHORT,22,Low
C0905,43,SHORT,12,Low
C0906,43,SHORT,8,High
C0907,4,LONG,6,Low
C0908,40,LONG,1,Medium
C0909,42,SHORT,2,Medium
C0910,43,LONG,21,Low
C0911,24,SHORT,0,Medium
C0912,42,LONG,7,Medium
C0913,33,SHORT,10,Medium
C0914,39,SHORT,5,High
C0915,33,LONG,17,Low
C0916,2,SHORT,7,Low
C0917,20,LONG,15,Medium
C0918,48,SHORT,0,Medium
C0919,44,LONG,11,Low
C0920,20,SHORT,16,Medium
C0921,4,LONG,12,High
C0922,36,LONG,7,High
C0923,22,LONG,21,High
C0924,6,LONG,16,Low
C0925,40,SHORT,13,High
C0926,37,SHORT,13,Medium
C0927,39,LONG,14,Low
C0928,9,SHORT,20,High
C0929,38,SHORT,4,Medium
C0930,45,SHORT,13,High
C0931,42,SHORT,10,High
C0932,36,SHORT,5,Medium
C0933,10,SHORT,10,Medium
C0934,27,LONG,14,Low
C0935,41,LONG,4,High
C0936,7,SHORT,5,High
C0937,49,LONG,19,Low
C0938,40,SHORT,19,High
C0939,15,SHORT,11,High
C0940,45,LONG,4,Low
C0941,39,LONG,22,Low
C0942,24,SHORT,12,Medium
C0943,31,SHORT,5,High
C0944,15,SHORT,13,High
C0945,18,LONG,7,Low
C0946,43,SHORT,6,High
C0947,12,LONG,19,Medium
C0948,45,LONG,14,High
C0949,28,LONG,1,Low
C0950,48,LONG,23,Medium
C0951,26,SHORT,16,High
C0952,29,LONG,1,High
C0953,34,LONG,23,High
C0954,36,LONG,16,Low
C0955,4,SHORT,9,Medium
C0956,26,LONG,9,Medium
C0957,11,LONG,9,Low
C0958,4,SHORT,14,Low
C0959,29,SHORT,23,Low
C0960,8,SHORT,18,Low
C0961,35,SHORT,12,Medium
C0962,21,LONG,0,High
C0963,30,SHORT,14,High
C0964,17,LONG,22,Low
C0965,46,SHORT,22,Low
C0966,8,SHORT,3,Low
C0967,29,LONG,2,Low
C0968,46,LONG,23,Low
C0969,40,SHORT,12,Low
C0970,25,SHORT,5,Medium
C0971,37,SHORT,5,High
C0972,12,SHORT,13,Medium
C0973,20,LONG,9,Low
C0974,12,SHORT,4,High
C0975,1,LONG,0,Medium
C0976,32,LONG,17,High
C0977,39,LONG,7,High
C0978,38,LONG,14,Medium
C0979,29,SHORT,19,Low
C0980,1,SHORT,17,Medium
C0981,40,SHORT,1,High
C0982,10,SHORT,20,Medium
C0983,3,SHORT,1,Low
C0984,37,LONG,10,High
C0985,4,SHORT,13,High
C0986,11,LONG,19,Low
C0987,45,SHORT,14,Low
C0988,38,LONG,1,High
C0989,50,LONG,10,Medium
C0990,25,SHORT,13,Low
C0991,5,LONG,15,High
C0992,8,LONG,10,Low
C0993,27,SHORT,22,High
C0994,40,SHORT,3,Low
C0995,47,SHORT,15,Low
C0996,45,LONG,13,Low
C0997,21,LONG,16,Low
C0998,40,LONG,4,Low
C0999,37,LONG,16,Low
C1000,41,LONG,15,High
C1001,40,SHORT,22,Medium
C1002,13,SHORT,3,High
C1003,30,SHORT,23,High
C1004,40,LONG,13,High
C1005,22,LONG,17,Low
C1006,14,SHORT,20,High
C1007,45,LONG,8,High
C1008,20,LONG,16,Low
C1009,21,SHORT,3,Low
C1010,22,LONG,12,Low
C1011,37,SHORT,5,High
C1012,22,LONG,21,Medium
C1013,31,SHORT,20,High
C1014,31,SHORT,20,Medium
C1015,35,LONG,14,Medium
C1016,48,SHORT,16,Medium
C1017,37,LONG,17,Low
C1018,2,SHORT,18,Low
C1019,22,LONG,2,High
C1020,18,SHORT,10,Medium
C1021,41,SHORT,18,Low
C1022,25,SHORT,19,High
C1023,49,LONG,22,Medium
C1024,46,SHORT,8,Medium
C1025,6,LONG,7,Medium
C1026,29,LONG,6,Low
C1027,20,SHORT,3,Medium
C1028,3,SHORT,2,Medium
C1029,33,SHORT,15,Low
C1030,10,SHORT,10,Medium
C1031,47,LONG,10,High
C1032,50,SHORT,16,Low
C1033,9,SHORT,23,High
C1034,30,LONG,22,Low
C1035,8,SHORT,9,High
C1036,44,SHORT,10,Medium
C1037,3,SHORT,16,Low
C1038,48,LONG,0,Low
C1039,49,LONG,20,High
C1040,21,SHORT,6,Medium
C1041,18,LONG,14,Low
C1042,8,LONG,4,High
C1043,18,SHORT,0,Low
C1044,36,SHORT,6,Low
C1045,23,LONG,8,High
C1046,46,LONG,18,High
C1047,11,SHORT,9,Low
C1048,22,LONG,1,High
C1049,2,LONG,21,High
C1050,7,LONG,1,High
C1051,28,LONG,5,Low
C1052,39,LONG,19,Medium
C1053,20,LONG,6,Low
C1054,49,SHORT,14,Low
C1055,9,SHORT,22,Medium
C1056,7,LONG,9,Low
C1057,42,LONG,15,High
C1058,15,SHORT,19,Medium
C1059,24,LONG,5,Low
C1060,43,LONG,10,Medium
C1061,32,SHORT,2,Medium
C1062,8,LONG,15,Medium
C1063,11,LONG,11,Low
C1064,37,SHORT,16,High
C1065,26,SHORT,10,Low
C1066,42,SHORT,9,Low
C1067,30,LONG,18,Medium
C1068,16,SHORT,17,High
C1069,31,LONG,2,Medium
C1070,14,LONG,13,Low
C1071,22,SHORT,5,Low
C1072,43,SHORT,23,Low
C1073,37,LONG,3,Low
C1074,39,LONG,10,Low
C1075,7,LONG,5,Medium
C1076,26,SHORT,19,High
C1077,44,LONG,10,Medium
C1078,42,SHORT,2,High
C1079,9,SHORT,4,Low
C1080,10,LONG,17,Medium
C1081,25,LONG,6,High
C1082,44,LONG,9,Low
C1083,44,LONG,13,Low
C1084,23,SHORT,18,High
C1085,40,LONG,4,Medium
C1086,4,LONG,17,High
C1087,1,LONG,3,Medium
C1088,2,SHORT,13,Low
C1089,38,LONG,20,Medium
C1090,46,LONG,12,Medium
C1091,28,SHORT,21,High
C1092,31,SHORT,6,Low
C1093,25,LONG,13,High
C1094,19,SHORT,4,High
C1095,5,SHORT,4,Low
C1096,32,LONG,4,High
C1097,9,LONG,14,Low
C1098,39,LONG,19,High
C1099,30,LONG,17,Medium
C1100,25,LONG,7,High
C1101,28,SHORT,18,Medium
C1102,47,SHORT,22,Low
C1103,18,LONG,17,Low
C1104,24,SHORT,1,Low
C1105,31,LONG,3,Low
C1106,31,SHORT,4,Low
C1107,47,LONG,14,Low
C1108,6,SHORT,7,Medium
C1109,41,SHORT,21,Low
C1110,35,LONG,19,High
C1111,22,SHORT,15,Medium
C1112,33,LONG,18,Low
C1113,22,LONG,11,Medium
C1114,19,SHORT,1,Low
C1115,39,LONG,23,Low
C1116,17,SHORT,20,Medium
C1117,38,SHORT,18,High
C1118,43,LONG,23,Low
C1119,2,LONG,15,High
C1120,9,SHORT,8,Medium
C1121,9,LONG,8,Medium
C1122,1,SHORT,19,High
C1123,38,SHORT,21,Medium
C1124,24,SHORT,8,Low
C1125,16,LONG,5,Low
C1126,3,LONG,2,High
C1127,39,SHORT,15,Medium
C1128,50,LONG,7,Low
C1129,29,SHORT,6,Low
C1130,47,LONG,1,Low
C1131,17,SHORT,1,High
C1132,30,LONG,15,Medium
C1133,31,SHORT,12,Low
C1134,46,LONG,15,Medium
C1135,10,LONG,0,Medium
C1136,29,LONG,21,Medium
C1137,34,SHORT,3,Low
C1138,41,LONG,13,Low
C1139,42,LONG,10,Medium
C1140,18,SHORT,8,Low
C1141,38,LONG,14,Low
C1142,48,SHORT,23,Low
C1143,38,SHORT,16,Medium
C1144,44,SHORT,10,Low
C1145,1,SHORT,2,High
C1146,27,SHORT,16,High
C1147,44,LONG,11,High
C1148,47,LONG,8,High
C1149,3,SHORT,19,High
C1150,4,SHORT,19,Low
C1151,8,SHORT,2,Low
C1152,9,LONG,21,Low
C1153,37,SHORT,3,Low
C1154,12,LONG,9,Medium
C1155,43,SHORT,20,Medium
C1156,18,LONG,22,Low
C1157,50,LONG,8,High
C1158,50,SHORT,8,High
C1159,25,LONG,10,High
C1160,17,LONG,5,Medium
C1161,5,LONG,6,Low
C1162,26,SHORT,20,Medium
C1163,7,SHORT,17,Medium
C1164,14,SHORT,14,Low
C1165,17,SHORT,1,High
C1166,5,LONG,14,High
C1167,32,SHORT,20,Low
C1168,1,SHORT,21,Medium
C1169,18,SHORT,22,Medium
C1170,26,SHORT,16,Low
C1171,50,LONG,15,Medium
C1172,26,SHORT,17,High
C1173,1,LONG,22,Medium
C1174,8,LONG,10,Low
C1175,20,LONG,1,Low
C1176,42,SHORT,11,Low
C1177,22,SHORT,14,Medium
C1178,42,SHORT,5,Low
C1179,3,LONG,21,High
C1180,20,LONG,3,Low
C1181,45,LONG,15,High
C1182,41,LONG,23,High
C1183,9,SHORT,6,High
C1184,47,SHORT,15,Medium
C1185,5,LONG,15,Low
C1186,29,SHORT,1,Medium
C1187,4,LONG,23,High
C1188,26,SHORT,6,Low
C1189,43,LONG,21,Low
C1190,10,SHORT,2,High
C1191,48,SHORT,15,Low
C1192,2,LONG,19,High
C1193,16,SHORT,0,High
C1194,41,SHORT,9,High
C1195,30,SHORT,18,High
C1196,7,SHORT,15,Low
C1197,40,SHORT,2,High
C1198,28,LONG,23,Low
C1199,26,LONG,3,Low
C1200,37,SHORT,10,High
