content_id,platform,time_slot,decision
C0001,YouTube,22,SCHEDULE
C0002,Instagram,21,POST_NOW
C0003,YouTube,20,POST_NOW
C0004,Instagram,21,POST_NOW
C0005,YouTube,22,POST_NOW
C0006,YouTube,20,SCHEDULE
C0007,Instagram,20,POST_NOW
C0008,Instagram,21,SCHEDULE
C0009,YouTube,22,SCHEDULE
C0010,YouTube,22,SCHEDULE
C0011,YouTube,20,POST_NOW
C0012,YouTube,20,POST_NOW
C0013,YouTube,20,SCHEDULE
C0014,Instagram,21,POST_NOW
C0015,Instagram,16,SCHEDULE
C0016,Instagram,21,SCHEDULE
C0017,Instagram,22,SCHEDULE
C0018,YouTube,21,SCHEDULE
C0019,Instagram,21,POST_NOW
C0020,Instagram,18,SCHEDULE
C0021,YouTube,22,SCHEDULE
C0022,YouTube,20,SCHEDULE
C0023,YouTube,20,POST_NOW
C0024,Instagram,19,POST_NOW
C0025,Instagram,19,SCHEDULE
C0026,YouTube,22,SCHEDULE
C0027,Instagram,19,POST_NOW
C0028,YouTube,22,SCHEDULE
C0029,Instagram,7,SCHEDULE
C0030,YouTube,22,SCHEDULE
C0031,Instagram,20,POST_NOW
C0032,YouTube,10,SCHEDULE
C0033,Instagram,3,POST_NOW
C0034,YouTube,21,SCHEDULE
C0035,Instagram,22,POST_NOW
C0036,YouTube,22,SCHEDULE
C0037,YouTube,22,SCHEDULE
C0038,Instagram,18,POST_NOW
C0039,YouTube,5,SCHEDULE
C0040,YouTube,22,SCHEDULE
C0041,YouTube,22,SCHEDULE
C0042,Instagram,21,SCHEDULE
C0043,YouTube,20,SCHEDULE
C0044,YouTube,21,SCHEDULE
C0045,YouTube,22,POST_NOW
C0046,Instagram,21,SCHEDULE
C0047,YouTube,22,SCHEDULE
C0048,Instagram,20,SCHEDULE
C0049,Instagram,20,SCHEDULE
C0050,Instagram,18,POST_NOW
C0051,YouTube,10,SCHEDULE
C0052,Instagram,18,SCHEDULE
C0053,Instagram,20,POST_NOW
C0054,YouTube,22,SCHEDULE
C0055,YouTube,5,POST_NOW
C0056,Instagram,10,SCHEDULE
C0057,YouTube,22,POST_NOW
C0058,YouTube,10,POST_NOW
C0059,YouTube,22,POST_NOW
C0060,YouTube,23,POST_NOW
C0061,YouTube,22,SCHEDULE
C0062,Instagram,19,POST_NOW
C0063,YouTube,23,SCHEDULE
C0064,Instagram,22,SCHEDULE
C0065,YouTube,23,SCHEDULE
C0066,YouTube,21,POST_NOW
C0067,YouTube,20,SCHEDULE
C0068,Instagram,21,POST_NOW
C0069,YouTube,22,SCHEDULE
C0070,Instagram,19,SCHEDULE
C0071,YouTube,22,SCHEDULE
C0072,YouTube,22,SCHEDULE
C0073,YouTube,22,SCHEDULE
C0074,Instagram,20,SCHEDULE
C0075,Instagram,21,POST_NOW
C0076,Instagram,20,SCHEDULE
C0077,Instagram,18,POST_NOW
C0078,YouTube,22,SCHEDULE
C0079,YouTube,20,POST_NOW
C0080,Instagram,3,POST_NOW
C0081,YouTube,22,SCHEDULE
C0082,YouTube,22,SCHEDULE
C0083,YouTube,22,POST_NOW
C0084,Instagram,3,SCHEDULE
C0085,Instagram,20,POST_NOW
C0086,Instagram,18,POST_NOW
C0087,Instagram,20,SCHEDULE
C0088,YouTube,22,SCHEDULE
C0089,YouTube,22,SCHEDULE
C0090,Instagram,19,SCHEDULE
C0091,YouTube,21,SCHEDULE
C0092,YouTube,22,SCHEDULE
C0093,YouTube,22,POST_NOW
C0094,YouTube,23,SCHEDULE
C0095,Instagram,10,POST_NOW
C0096,YouTube,22,SCHEDULE
C0097,YouTube,17,SCHEDULE
C0098,Instagram,21,SCHEDULE
C0099,Instagram,3,POST_NOW
C0100,YouTube,22,POST_NOW
C0101,Instagram,21,POST_NOW
C0102,Instagram,21,POST_NOW
C0103,YouTube,22,SCHEDULE
C0104,Instagram,20,SCHEDULE
C0105,YouTube,22,SCHEDULE
C0106,Instagram,20,POST_NOW
C0107,Instagram,21,SCHEDULE
C0108,Instagram,20,SCHEDULE
C0109,YouTube,22,SCHEDULE
C0110,Instagram,16,POST_NOW
C0111,Instagram,21,SCHEDULE
C0112,Instagram,21,POST_NOW
C0113,YouTube,22,SCHEDULE
C0114,Instagram,19,POST_NOW
C0115,YouTube,22,SCHEDULE
C0116,Instagram,20,SCHEDULE
C0117,Instagram,10,POST_NOW
C0118,YouTube,22,POST_NOW
C0119,Instagram,18,POST_NOW
C0120,YouTube,22,SCHEDULE
C0121,Instagram,20,SCHEDULE
C0122,Instagram,22,POST_NOW
C0123,Instagram,21,POST_NOW
C0124,Instagram,20,POST_NOW
C0125,YouTube,20,POST_NOW
C0126,Instagram,21,SCHEDULE
C0127,YouTube,22,SCHEDULE
C0128,Instagram,21,POST_NOW
C0129,Instagram,21,SCHEDULE
C0130,Instagram,18,POST_NOW
C0131,Instagram,7,SCHEDULE
C0132,Instagram,19,SCHEDULE
C0133,YouTube,22,SCHEDULE
C0134,Instagram,21,SCHEDULE
C0135,Instagram,18,SCHEDULE
C0136,Instagram,22,POST_NOW
C0137,Instagram,21,POST_NOW
C0138,Instagram,3,POST_NOW
C0139,Instagram,20,POST_NOW
C0140,Instagram,21,SCHEDULE
C0141,Instagram,21,SCHEDULE
C0142,Instagram,21,POST_NOW
C0143,Instagram,22,SCHEDULE
C0144,YouTube,22,SCHEDULE
C0145,YouTube,23,SCHEDULE
C0146,YouTube,22,SCHEDULE
C0147,YouTube,22,POST_NOW
C0148,YouTube,22,POST_NOW
C0149,YouTube,22,SCHEDULE
C0150,YouTube,22,SCHEDULE
C0151,Instagram,21,POST_NOW
C0152,YouTube,22,SCHEDULE
C0153,Instagram,17,SCHEDULE
C0154,Instagram,21,POST_NOW
C0155,YouTube,21,SCHEDULE
C0156,YouTube,22,POST_NOW
C0157,Instagram,21,SCHEDULE
C0158,YouTube,22,POST_NOW
C0159,Instagram,21,SCHEDULE
C0160,Instagram,3,SCHEDULE
C0161,Instagram,3,POST_NOW
C0162,Instagram,21,POST_NOW
C0163,Instagram,19,POST_NOW
C0164,Instagram,20,POST_NOW
C0165,YouTube,22,SCHEDULE
C0166,YouTube,10,POST_NOW
C0167,Instagram,18,SCHEDULE
C0168,Instagram,21,SCHEDULE
C0169,Instagram,7,SCHEDULE
C0170,Instagram,10,POST_NOW
C0171,YouTube,23,SCHEDULE
C0172,YouTube,22,POST_NOW
C0173,YouTube,22,SCHEDULE
C0174,YouTube,22,POST_NOW
C0175,YouTube,22,SCHEDULE
C0176,Instagram,19,SCHEDULE
C0177,YouTube,22,POST_NOW
C0178,Instagram,21,SCHEDULE
C0179,YouTube,22,SCHEDULE
C0180,Instagram,19,SCHEDULE
C0181,YouTube,22,SCHEDULE
C0182,YouTube,22,POST_NOW
C0183,Instagram,19,SCHEDULE
C0184,YouTube,20,SCHEDULE
C0185,YouTube,22,SCHEDULE
C0186,Instagram,21,SCHEDULE
C0187,YouTube,22,POST_NOW
C0188,Instagram,20,SCHEDULE
C0189,YouTube,22,POST_NOW
C0190,Instagram,18,SCHEDULE
C0191,Instagram,20,SCHEDULE
C0192,YouTube,22,POST_NOW
C0193,Instagram,21,SCHEDULE
C0194,Instagram,22,SCHEDULE
C0195,Instagram,22,POST_NOW
C0196,Instagram,18,SCHEDULE
C0197,YouTube,22,SCHEDULE
C0198,YouTube,22,SCHEDULE
C0199,YouTube,22,SCHEDULE
C0200,YouTube,22,SCHEDULE
C0201,Instagram,22,POST_NOW
C0202,YouTube,22,POST_NOW
C0203,YouTube,22,SCHEDULE
C0204,YouTube,22,SCHEDULE
C0205,Instagram,20,POST_NOW
C0206,YouTube,10,SCHEDULE
C0207,YouTube,22,SCHEDULE
C0208,Instagram,21,POST_NOW
C0209,Instagram,18,POST_NOW
C0210,Instagram,19,SCHEDULE
C0211,YouTube,22,SCHEDULE
C0212,YouTube,22,POST_NOW
C0213,Instagram,17,SCHEDULE
C0214,Instagram,7,SCHEDULE
C0215,YouTube,22,SCHEDULE
C0216,YouTube,22,SCHEDULE
C0217,YouTube,22,POST_NOW
C0218,Instagram,17,SCHEDULE
C0219,YouTube,22,SCHEDULE
C0220,YouTube,22,POST_NOW
C0221,YouTube,22,SCHEDULE
C0222,Instagram,20,POST_NOW
C0223,YouTube,22,SCHEDULE
C0224,YouTube,22,POST_NOW
C0225,Instagram,7,SCHEDULE
C0226,Instagram,21,POST_NOW
C0227,YouTube,22,POST_NOW
C0228,YouTube,21,SCHEDULE
C0229,YouTube,10,SCHEDULE
C0230,Instagram,21,SCHEDULE
C0231,Instagram,21,SCHEDULE
C0232,Instagram,20,SCHEDULE
C0233,Instagram,22,POST_NOW
C0234,YouTube,22,SCHEDULE
C0235,YouTube,20,POST_NOW
C0236,YouTube,5,SCHEDULE
C0237,YouTube,22,SCHEDULE
C0238,YouTube,22,POST_NOW
C0239,YouTube,22,POST_NOW
C0240,YouTube,22,POST_NOW
C0241,Instagram,19,POST_NOW
C0242,YouTube,22,POST_NOW
C0243,Instagram,16,SCHEDULE
C0244,Instagram,21,SCHEDULE
C0245,Instagram,20,SCHEDULE
C0246,Instagram,20,SCHEDULE
C0247,YouTube,21,POST_NOW
C0248,Instagram,17,POST_NOW
C0249,Instagram,19,SCHEDULE
C0250,YouTube,22,SCHEDULE
C0251,Instagram,17,SCHEDULE
C0252,YouTube,21,POST_NOW
C0253,Instagram,19,SCHEDULE
C0254,YouTube,22,SCHEDULE
C0255,Instagram,22,POST_NOW
C0256,YouTube,22,POST_NOW
C0257,YouTube,22,POST_NOW
C0258,YouTube,20,SCHEDULE
C0259,Instagram,21,SCHEDULE
C0260,Instagram,19,POST_NOW
C0261,Instagram,20,POST_NOW
C0262,YouTube,22,SCHEDULE
C0263,Instagram,21,SCHEDULE
C0264,Instagram,17,POST_NOW
C0265,Instagram,21,POST_NOW
C0266,Instagram,3,POST_NOW
C0267,Instagram,20,POST_NOW
C0268,YouTube,20,POST_NOW
C0269,YouTube,22,SCHEDULE
C0270,YouTube,22,SCHEDULE
C0271,Instagram,20,SCHEDULE
C0272,YouTube,22,POST_NOW
C0273,Instagram,21,SCHEDULE
C0274,Instagram,20,SCHEDULE
C0275,YouTube,22,SCHEDULE
C0276,YouTube,22,SCHEDULE
C0277,YouTube,20,POST_NOW
C0278,Instagram,22,SCHEDULE
C0279,YouTube,22,SCHEDULE
C0280,Instagram,18,SCHEDULE
C0281,YouTube,21,POST_NOW
C0282,Instagram,22,POST_NOW
C0283,YouTube,22,SCHEDULE
C0284,YouTube,22,SCHEDULE
C0285,Instagram,20,POST_NOW
C0286,YouTube,20,POST_NOW
C0287,Instagram,20,SCHEDULE
C0288,YouTube,20,SCHEDULE
C0289,YouTube,20,POST_NOW
C0290,Instagram,21,SCHEDULE
C0291,YouTube,22,POST_NOW
C0292,YouTube,22,SCHEDULE
C0293,YouTube,23,SCHEDULE
C0294,YouTube,22,SCHEDULE
C0295,Instagram,20,POST_NOW
C0296,Instagram,22,SCHEDULE
C0297,Instagram,18,SCHEDULE
C0298,Instagram,20,POST_NOW
C0299,YouTube,22,POST_NOW
C0300,Instagram,19,POST_NOW
C0301,YouTube,22,SCHEDULE
C0302,YouTube,22,SCHEDULE
C0303,YouTube,22,SCHEDULE
C0304,YouTube,20,POST_NOW
C0305,YouTube,22,SCHEDULE
C0306,YouTube,22,SCHEDULE
C0307,YouTube,22,SCHEDULE
C0308,Instagram,21,SCHEDULE
C0309,Instagram,21,SCHEDULE
C0310,YouTube,22,POST_NOW
C0311,YouTube,22,POST_NOW
C0312,Instagram,17,SCHEDULE
C0313,YouTube,21,POST_NOW
C0314,YouTube,22,SCHEDULE
C0315,Instagram,3,POST_NOW
C0316,Instagram,21,SCHEDULE
C0317,Instagram,20,SCHEDULE
C0318,Instagram,21,SCHEDULE
C0319,Instagram,16,POST_NOW
C0320,Instagram,20,POST_NOW
C0321,Instagram,3,POST_NOW
C0322,YouTube,22,POST_NOW
C0323,YouTube,22,POST_NOW
C0324,Instagram,20,POST_NOW
C0325,YouTube,22,SCHEDULE
C0326,YouTube,22,SCHEDULE
C0327,YouTube,22,POST_NOW
C0328,YouTube,22,POST_NOW
C0329,YouTube,22,POST_NOW
C0330,Instagram,18,POST_NOW
C0331,YouTube,23,POST_NOW
C0332,Instagram,18,SCHEDULE
C0333,Instagram,18,POST_NOW
C0334,YouTube,22,SCHEDULE
C0335,Instagram,20,SCHEDULE
C0336,Instagram,20,SCHEDULE
C0337,YouTube,22,SCHEDULE
C0338,Instagram,22,SCHEDULE
C0339,Instagram,17,SCHEDULE
C0340,Instagram,20,SCHEDULE
C0341,Instagram,19,POST_NOW
C0342,Instagram,20,POST_NOW
C0343,YouTube,22,SCHEDULE
C0344,YouTube,22,POST_NOW
C0345,Instagram,22,SCHEDULE
C0346,Instagram,18,SCHEDULE
C0347,YouTube,22,SCHEDULE
C0348,Instagram,18,POST_NOW
C0349,Instagram,21,POST_NOW
C0350,YouTube,22,SCHEDULE
C0351,YouTube,22,SCHEDULE
C0352,Instagram,16,SCHEDULE
C0353,YouTube,22,SCHEDULE
C0354,Instagram,19,SCHEDULE
C0355,Instagram,20,SCHEDULE
C0356,Instagram,22,SCHEDULE
C0357,YouTube,22,SCHEDULE
C0358,Instagram,17,SCHEDULE
C0359,YouTube,22,SCHEDULE
C0360,YouTube,22,SCHEDULE
C0361,YouTube,23,SCHEDULE
C0362,YouTube,22,SCHEDULE
C0363,YouTube,22,SCHEDULE
C0364,Instagram,3,SCHEDULE
C0365,Instagram,22,POST_NOW
C0366,YouTube,22,SCHEDULE
C0367,Instagram,21,POST_NOW
C0368,YouTube,22,SCHEDULE
C0369,YouTube,20,SCHEDULE
C0370,Instagram,10,POST_NOW
C0371,YouTube,22,SCHEDULE
C0372,Instagram,20,SCHEDULE
C0373,YouTube,22,SCHEDULE
C0374,YouTube,22,POST_NOW
C0375,YouTube,22,POST_NOW
C0376,Instagram,19,SCHEDULE
C0377,Instagram,21,SCHEDULE
C0378,YouTube,22,POST_NOW
C0379,Instagram,22,SCHEDULE
C0380,Instagram,21,SCHEDULE
C0381,Instagram,20,POST_NOW
C0382,Instagram,17,POST_NOW
C0383,Instagram,20,SCHEDULE
C0384,Instagram,17,SCHEDULE
C0385,YouTube,21,SCHEDULE
C0386,YouTube,22,POST_NOW
C0387,YouTube,23,POST_NOW
C0388,YouTube,22,SCHEDULE
C0389,YouTube,22,SCHEDULE
C0390,YouTube,22,SCHEDULE
C0391,YouTube,22,POST_NOW
C0392,YouTube,21,SCHEDULE
C0393,Instagram,19,POST_NOW
C0394,YouTube,22,SCHEDULE
C0395,YouTube,22,SCHEDULE
C0396,Instagram,21,SCHEDULE
C0397,YouTube,23,SCHEDULE
C0398,YouTube,22,POST_NOW
C0399,YouTube,22,SCHEDULE
C0400,YouTube,22,POST_NOW
C0401,YouTube,22,POST_NOW
C0402,YouTube,23,SCHEDULE
C0403,Instagram,20,SCHEDULE
C0404,YouTube,22,SCHEDULE
C0405,Instagram,18,SCHEDULE
C0406,Instagram,21,POST_NOW
C0407,YouTube,22,SCHEDULE
C0408,YouTube,22,POST_NOW
C0409,YouTube,23,POST_NOW
C0410,YouTube,22,POST_NOW
C0411,Instagram,21,SCHEDULE
C0412,YouTube,22,SCHEDULE
C0413,Instagram,21,SCHEDULE
C0414,Instagram,19,POST_NOW
C0415,YouTube,22,POST_NOW
C0416,YouTube,22,POST_NOW
C0417,YouTube,22,POST_NOW
C0418,Instagram,22,SCHEDULE
C0419,YouTube,22,SCHEDULE
C0420,Instagram,18,SCHEDULE
C0421,Instagram,3,SCHEDULE
C0422,Instagram,20,SCHEDULE
C0423,YouTube,22,POST_NOW
C0424,Instagram,21,SCHEDULE
C0425,Instagram,20,SCHEDULE
C0426,Instagram,22,POST_NOW
C0427,Instagram,22,POST_NOW
C0428,YouTube,22,POST_NOW
C0429,Instagram,18,SCHEDULE
C0430,YouTube,22,POST_NOW
C0431,YouTube,22,SCHEDULE
C0432,YouTube,22,POST_NOW
C0433,Instagram,22,SCHEDULE
C0434,YouTube,20,SCHEDULE
C0435,YouTube,22,SCHEDULE
C0436,Instagram,7,POST_NOW
C0437,Instagram,18,SCHEDULE
C0438,Instagram,21,POST_NOW
C0439,YouTube,22,SCHEDULE
C0440,Instagram,18,SCHEDULE
C0441,Instagram,17,POST_NOW
C0442,YouTube,22,POST_NOW
C0443,Instagram,20,SCHEDULE
C0444,Instagram,20,SCHEDULE
C0445,YouTube,23,SCHEDULE
C0446,Instagram,22,SCHEDULE
C0447,YouTube,22,SCHEDULE
C0448,Instagram,7,POST_NOW
C0449,YouTube,22,POST_NOW
C0450,Instagram,21,SCHEDULE
C0451,Instagram,21,POST_NOW
C0452,YouTube,22,POST_NOW
C0453,Instagram,22,SCHEDULE
C0454,Instagram,22,POST_NOW
C0455,YouTube,22,SCHEDULE
C0456,Instagram,20,POST_NOW
C0457,Instagram,17,SCHEDULE
C0458,Instagram,21,POST_NOW
C0459,YouTube,21,SCHEDULE
C0460,Instagram,20,POST_NOW
C0461,YouTube,23,POST_NOW
C0462,Instagram,20,POST_NOW
C0463,YouTube,22,SCHEDULE
C0464,Instagram,19,SCHEDULE
C0465,Instagram,19,POST_NOW
C0466,Instagram,21,POST_NOW
C0467,YouTube,22,SCHEDULE
C0468,YouTube,22,SCHEDULE
C0469,YouTube,22,SCHEDULE
C0470,YouTube,22,POST_NOW
C0471,YouTube,22,SCHEDULE
C0472,Instagram,20,POST_NOW
C0473,YouTube,22,POST_NOW
C0474,Instagram,22,SCHEDULE
C0475,Instagram,21,POST_NOW
C0476,YouTube,21,POST_NOW
C0477,YouTube,22,POST_NOW
C0478,YouTube,22,SCHEDULE
C0479,YouTube,22,SCHEDULE
C0480,Instagram,20,SCHEDULE
C0481,YouTube,22,SCHEDULE
C0482,Instagram,19,POST_NOW
C0483,YouTube,21,POST_NOW
C0484,YouTube,22,SCHEDULE
C0485,YouTube,22,POST_NOW
C0486,YouTube,10,SCHEDULE
C0487,Instagram,20,SCHEDULE
C0488,YouTube,22,SCHEDULE
C0489,Instagram,21,SCHEDULE
C0490,YouTube,22,SCHEDULE
C0491,YouTube,22,SCHEDULE
C0492,Instagram,21,SCHEDULE
C0493,YouTube,17,SCHEDULE
C0494,Instagram,20,SCHEDULE
C0495,YouTube,22,SCHEDULE
C0496,Instagram,21,POST_NOW
C0497,Instagram,7,SCHEDULE
C0498,YouTube,22,SCHEDULE
C0499,Instagram,18,POST_NOW
C0500,Instagram,21,SCHEDULE
C0501,YouTube,20,SCHEDULE
C0502,YouTube,22,POST_NOW
C0503,YouTube,22,POST_NOW
C0504,YouTube,22,SCHEDULE
C0505,YouTube,22,SCHEDULE
C0506,YouTube,22,POST_NOW
C0507,YouTube,22,SCHEDULE
C0508,Instagram,20,POST_NOW
C0509,YouTube,22,POST_NOW
C0510,Instagram,21,SCHEDULE
C0511,YouTube,22,SCHEDULE
C0512,YouTube,22,SCHEDULE
C0513,YouTube,22,POST_NOW
C0514,YouTube,22,SCHEDULE
C0515,Instagram,21,SCHEDULE
C0516,YouTube,22,POST_NOW
C0517,Instagram,19,POST_NOW
C0518,Instagram,22,SCHEDULE
C0519,Instagram,20,POST_NOW
C0520,YouTube,5,SCHEDULE
C0521,Instagram,20,SCHEDULE
C0522,Instagram,20,POST_NOW
C0523,YouTube,22,POST_NOW
C0524,Instagram,22,POST_NOW
C0525,Instagram,21,SCHEDULE
C0526,YouTube,22,POST_NOW
C0527,YouTube,22,SCHEDULE
C0528,Instagram,22,POST_NOW
C0529,YouTube,22,SCHEDULE
C0530,YouTube,22,SCHEDULE
C0531,YouTube,22,SCHEDULE
C0532,YouTube,22,SCHEDULE
C0533,YouTube,22,POST_NOW
C0534,YouTube,22,SCHEDULE
C0535,YouTube,22,SCHEDULE
C0536,YouTube,22,SCHEDULE
C0537,Instagram,21,POST_NOW
C0538,YouTube,23,SCHEDULE
C0539,Instagram,16,SCHEDULE
C0540,YouTube,22,POST_NOW
C0541,Instagram,20,SCHEDULE
C0542,Instagram,21,SCHEDULE
C0543,YouTube,22,SCHEDULE
C0544,Instagram,22,SCHEDULE
C0545,YouTube,22,SCHEDULE
C0546,Instagram,20,SCHEDULE
C0547,YouTube,22,SCHEDULE
C0548,YouTube,22,SCHEDULE
C0549,Instagram,16,SCHEDULE
C0550,Instagram,20,SCHEDULE
C0551,YouTube,21,POST_NOW
C0552,YouTube,22,POST_NOW
C0553,YouTube,5,SCHEDULE
C0554,YouTube,22,POST_NOW
C0555,Instagram,20,SCHEDULE
C0556,YouTube,22,SCHEDULE
C0557,Instagram,20,SCHEDULE
C0558,YouTube,17,SCHEDULE
C0559,YouTube,22,SCHEDULE
C0560,Instagram,3,POST_NOW
C0561,Instagram,21,SCHEDULE
C0562,Instagram,10,SCHEDULE
C0563,Instagram,22,POST_NOW
C0564,YouTube,22,POST_NOW
C0565,Instagram,19,SCHEDULE
C0566,Instagram,21,POST_NOW
C0567,Instagram,21,SCHEDULE
C0568,YouTube,22,POST_NOW
C0569,Instagram,16,SCHEDULE
C0570,YouTube,22,POST_NOW
C0571,YouTube,17,SCHEDULE
C0572,Instagram,21,SCHEDULE
C0573,YouTube,20,POST_NOW
C0574,Instagram,22,SCHEDULE
C0575,YouTube,22,SCHEDULE
C0576,YouTube,22,SCHEDULE
C0577,Instagram,21,POST_NOW
C0578,YouTube,22,SCHEDULE
C0579,YouTube,22,POST_NOW
C0580,YouTube,23,POST_NOW
C0581,YouTube,22,SCHEDULE
C0582,YouTube,22,SCHEDULE
C0583,YouTube,20,SCHEDULE
C0584,YouTube,22,POST_NOW
C0585,YouTube,22,SCHEDULE
C0586,YouTube,10,SCHEDULE
C0587,Instagram,21,SCHEDULE
C0588,Instagram,21,POST_NOW
C0589,YouTube,22,POST_NOW
C0590,Instagram,18,POST_NOW
C0591,Instagram,21,SCHEDULE
C0592,YouTube,21,POST_NOW
C0593,YouTube,20,SCHEDULE
C0594,Instagram,21,SCHEDULE
C0595,YouTube,22,SCHEDULE
C0596,Instagram,21,SCHEDULE
C0597,Instagram,20,SCHEDULE
C0598,YouTube,22,SCHEDULE
C0599,YouTube,22,POST_NOW
C0600,YouTube,22,SCHEDULE
C0601,YouTube,22,SCHEDULE
C0602,Instagram,3,SCHEDULE
C0603,YouTube,22,SCHEDULE
C0604,YouTube,22,POST_NOW
C0605,Instagram,22,SCHEDULE
C0606,YouTube,22,POST_NOW
C0607,Instagram,18,SCHEDULE
C0608,YouTube,22,SCHEDULE
C0609,YouTube,17,POST_NOW
C0610,Instagram,21,SCHEDULE
C0611,YouTube,20,SCHEDULE
C0612,YouTube,22,SCHEDULE
C0613,YouTube,22,POST_NOW
C0614,YouTube,22,POST_NOW
C0615,Instagram,20,SCHEDULE
C0616,YouTube,22,SCHEDULE
C0617,Instagram,22,POST_NOW
C0618,YouTube,5,POST_NOW
C0619,YouTube,17,POST_NOW
C0620,YouTube,22,SCHEDULE
C0621,YouTube,22,POST_NOW
C0622,Instagram,22,SCHEDULE
C0623,YouTube,22,POST_NOW
C0624,YouTube,22,SCHEDULE
C0625,YouTube,22,SCHEDULE
C0626,YouTube,21,POST_NOW
C0627,YouTube,22,SCHEDULE
C0628,Instagram,21,POST_NOW
C0629,YouTube,22,POST_NOW
C0630,YouTube,21,SCHEDULE
C0631,Instagram,7,POST_NOW
C0632,Instagram,19,SCHEDULE
C0633,Instagram,21,SCHEDULE
C0634,YouTube,22,SCHEDULE
C0635,Instagram,22,SCHEDULE
C0636,Instagram,19,POST_NOW
C0637,YouTube,22,SCHEDULE
C0638,YouTube,22,SCHEDULE
C0639,YouTube,22,POST_NOW
C0640,Instagram,17,POST_NOW
C0641,YouTube,22,SCHEDULE
C0642,Instagram,20,POST_NOW
C0643,Instagram,3,POST_NOW
C0644,YouTube,22,POST_NOW
C0645,YouTube,22,SCHEDULE
C0646,YouTube,22,SCHEDULE
C0647,YouTube,22,SCHEDULE
C0648,YouTube,22,SCHEDULE
C0649,Instagram,20,POST_NOW
C0650,Instagram,21,SCHEDULE
C0651,Instagram,19,SCHEDULE
C0652,YouTube,22,SCHEDULE
C0653,Instagram,7,SCHEDULE
C0654,YouTube,22,SCHEDULE
C0655,YouTube,22,SCHEDULE
C0656,Instagram,18,SCHEDULE
C0657,Instagram,20,SCHEDULE
C0658,YouTube,20,POST_NOW
C0659,YouTube,17,POST_NOW
C0660,YouTube,23,POST_NOW
C0661,YouTube,22,SCHEDULE
C0662,Instagram,21,SCHEDULE
C0663,YouTube,17,SCHEDULE
C0664,Instagram,19,SCHEDULE
C0665,Instagram,20,SCHEDULE
C0666,Instagram,20,POST_NOW
C0667,YouTube,22,SCHEDULE
C0668,YouTube,22,SCHEDULE
C0669,YouTube,22,SCHEDULE
C0670,Instagram,22,POST_NOW
C0671,Instagram,21,POST_NOW
C0672,Instagram,21,SCHEDULE
C0673,YouTube,22,SCHEDULE
C0674,YouTube,22,SCHEDULE
C0675,YouTube,22,SCHEDULE
C0676,YouTube,22,POST_NOW
C0677,Instagram,22,POST_NOW
C0678,Instagram,17,POST_NOW
C0679,YouTube,22,POST_NOW
C0680,YouTube,22,SCHEDULE
C0681,Instagram,20,POST_NOW
C0682,Instagram,20,SCHEDULE
C0683,YouTube,22,POST_NOW
C0684,YouTube,22,POST_NOW
C0685,Instagram,22,POST_NOW
C0686,Instagram,21,POST_NOW
C0687,YouTube,23,SCHEDULE
C0688,YouTube,22,POST_NOW
C0689,YouTube,22,SCHEDULE
C0690,Instagram,16,POST_NOW
C0691,YouTube,20,SCHEDULE
C0692,YouTube,21,SCHEDULE
C0693,YouTube,22,POST_NOW
C0694,YouTube,22,POST_NOW
C0695,YouTube,22,POST_NOW
C0696,YouTube,22,SCHEDULE
C0697,YouTube,17,SCHEDULE
C0698,YouTube,23,SCHEDULE
C0699,YouTube,22,POST_NOW
C0700,YouTube,23,POST_NOW
C0701,Instagram,20,SCHEDULE
C0702,YouTube,22,SCHEDULE
C0703,YouTube,22,POST_NOW
C0704,YouTube,22,SCHEDULE
C0705,YouTube,22,SCHEDULE
C0706,Instagram,20,SCHEDULE
C0707,YouTube,17,SCHEDULE
C0708,Instagram,22,SCHEDULE
C0709,YouTube,22,POST_NOW
C0710,Instagram,17,POST_NOW
C0711,YouTube,22,POST_NOW
C0712,Instagram,21,SCHEDULE
C0713,Instagram,21,POST_NOW
C0714,Instagram,22,SCHEDULE
C0715,Instagram,21,POST_NOW
C0716,YouTube,5,POST_NOW
C0717,Instagram,7,SCHEDULE
C0718,Instagram,20,POST_NOW
C0719,YouTube,22,SCHEDULE
C0720,Instagram,17,POST_NOW
C0721,YouTube,22,SCHEDULE
C0722,YouTube,22,POST_NOW
C0723,Instagram,20,SCHEDULE
C0724,Instagram,19,SCHEDULE
C0725,Instagram,17,SCHEDULE
C0726,Instagram,19,POST_NOW
C0727,Instagram,21,SCHEDULE
C0728,YouTube,22,SCHEDULE
C0729,YouTube,23,SCHEDULE
C0730,Instagram,21,SCHEDULE
C0731,Instagram,7,SCHEDULE
C0732,Instagram,20,SCHEDULE
C0733,YouTube,22,POST_NOW
C0734,YouTube,22,SCHEDULE
C0735,YouTube,22,SCHEDULE
C0736,Instagram,17,POST_NOW
C0737,YouTube,22,POST_NOW
C0738,YouTube,17,POST_NOW
C0739,Instagram,3,SCHEDULE
C0740,Instagram,21,POST_NOW
C0741,YouTube,22,SCHEDULE
C0742,YouTube,22,SCHEDULE
C0743,Instagram,21,SCHEDULE
C0744,Instagram,20,SCHEDULE
C0745,YouTube,10,SCHEDULE
C0746,Instagram,19,SCHEDULE
C0747,YouTube,22,SCHEDULE
C0748,Instagram,22,POST_NOW
C0749,Instagram,19,SCHEDULE
C0750,Instagram,20,POST_NOW
C0751,YouTube,22,SCHEDULE
C0752,YouTube,22,SCHEDULE
C0753,YouTube,22,POST_NOW
C0754,Instagram,18,SCHEDULE
C0755,YouTube,22,SCHEDULE
C0756,Instagram,21,POST_NOW
C0757,YouTube,22,POST_NOW
C0758,YouTube,23,POST_NOW
C0759,YouTube,22,SCHEDULE
C0760,YouTube,22,SCHEDULE
C0761,YouTube,22,POST_NOW
C0762,Instagram,21,SCHEDULE
C0763,Instagram,21,POST_NOW
C0764,Instagram,18,SCHEDULE
C0765,Instagram,20,SCHEDULE
C0766,YouTube,23,SCHEDULE
C0767,Instagram,22,SCHEDULE
C0768,YouTube,21,SCHEDULE
C0769,Instagram,21,SCHEDULE
C0770,Instagram,22,SCHEDULE
C0771,YouTube,22,SCHEDULE
C0772,YouTube,22,POST_NOW
C0773,YouTube,22,SCHEDULE
C0774,YouTube,23,POST_NOW
C0775,YouTube,5,POST_NOW
C0776,YouTube,22,SCHEDULE
C0777,YouTube,21,SCHEDULE
C0778,Instagram,21,SCHEDULE
C0779,YouTube,22,SCHEDULE
C0780,Instagram,21,POST_NOW
C0781,Instagram,17,SCHEDULE
C0782,YouTube,22,SCHEDULE
C0783,Instagram,21,POST_NOW
C0784,Instagram,16,SCHEDULE
C0785,Instagram,21,POST_NOW
C0786,YouTube,23,SCHEDULE
C0787,Instagram,18,SCHEDULE
C0788,Instagram,18,SCHEDULE
C0789,Instagram,7,SCHEDULE
C0790,YouTube,22,POST_NOW
C0791,Instagram,22,POST_NOW
C0792,YouTube,22,SCHEDULE
C0793,Instagram,21,POST_NOW
C0794,Instagram,3,POST_NOW
C0795,YouTube,23,SCHEDULE
C0796,YouTube,23,SCHEDULE
C0797,Instagram,20,SCHEDULE
C0798,YouTube,22,POST_NOW
C0799,Instagram,21,SCHEDULE
C0800,Instagram,21,SCHEDULE
C0801,YouTube,17,SCHEDULE
C0802,YouTube,22,SCHEDULE
C0803,YouTube,22,SCHEDULE
C0804,YouTube,22,SCHEDULE
C0805,Instagram,21,SCHEDULE
C0806,Instagram,20,POST_NOW
C0807,Instagram,21,POST_NOW
C0808,Instagram,19,POST_NOW
C0809,YouTube,22,POST_NOW
C0810,Instagram,20,SCHEDULE
C0811,YouTube,22,POST_NOW
C0812,Instagram,19,SCHEDULE
C0813,Instagram,19,POST_NOW
C0814,YouTube,22,POST_NOW
C0815,YouTube,22,SCHEDULE
C0816,YouTube,22,SCHEDULE
C0817,YouTube,5,SCHEDULE
C0818,YouTube,22,POST_NOW
C0819,YouTube,20,POST_NOW
C0820,Instagram,21,SCHEDULE
C0821,Instagram,20,SCHEDULE
C0822,Instagram,20,SCHEDULE
C0823,YouTube,21,SCHEDULE
C0824,YouTube,22,POST_NOW
C0825,Instagram,3,SCHEDULE
C0826,Instagram,21,SCHEDULE
C0827,YouTube,22,POST_NOW
C0828,YouTube,20,POST_NOW
C0829,YouTube,22,SCHEDULE
C0830,Instagram,20,SCHEDULE
C0831,Instagram,21,POST_NOW
C0832,Instagram,20,POST_NOW
C0833,Instagram,21,SCHEDULE
C0834,Instagram,16,POST_NOW
C0835,YouTube,22,SCHEDULE
C0836,YouTube,22,SCHEDULE
C0837,YouTube,22,POST_NOW
C0838,YouTube,22,SCHEDULE
C0839,YouTube,21,POST_NOW
C0840,YouTube,22,SCHEDULE
C0841,YouTube,22,SCHEDULE
C0842,Instagram,21,SCHEDULE
C0843,YouTube,22,POST_NOW
C0844,YouTube,22,POST_NOW
C0845,YouTube,22,SCHEDULE
C0846,YouTube,22,POST_NOW
C0847,YouTube,22,SCHEDULE
C0848,Instagram,20,POST_NOW
C0849,YouTube,22,POST_NOW
C0850,YouTube,22,POST_NOW
C0851,Instagram,20,SCHEDULE
C0852,YouTube,22,SCHEDULE
C0853,Instagram,3,SCHEDULE
C0854,Instagram,20,SCHEDULE
C0855,Instagram,20,POST_NOW
C0856,YouTube,22,SCHEDULE
C0857,Instagram,21,SCHEDULE
C0858,Instagram,3,SCHEDULE
C0859,Instagram,22,POST_NOW
C0860,YouTube,22,POST_NOW
C0861,YouTube,22,SCHEDULE
C0862,YouTube,20,SCHEDULE
C0863,YouTube,22,POST_NOW
C0864,YouTube,21,POST_NOW
C0865,YouTube,17,POST_NOW
C0866,YouTube,22,POST_NOW
C0867,Instagram,22,POST_NOW
C0868,YouTube,22,POST_NOW
C0869,YouTube,23,SCHEDULE
C0870,YouTube,22,SCHEDULE
C0871,YouTube,22,SCHEDULE
C0872,Instagram,20,SCHEDULE
C0873,YouTube,22,POST_NOW
C0874,Instagram,17,SCHEDULE
C0875,YouTube,22,SCHEDULE
C0876,Instagram,20,SCHEDULE
C0877,Instagram,22,SCHEDULE
C0878,YouTube,22,SCHEDULE
C0879,YouTube,21,SCHEDULE
C0880,YouTube,20,SCHEDULE
C0881,YouTube,22,SCHEDULE
C0882,YouTube,23,POST_NOW
C0883,Instagram,3,SCHEDULE
C0884,Instagram,21,SCHEDULE
C0885,Instagram,17,SCHEDULE
C0886,Instagram,20,SCHEDULE
C0887,YouTube,22,SCHEDULE
C0888,Instagram,21,SCHEDULE
C0889,Instagram,21,POST_NOW
C0890,YouTube,23,SCHEDULE
C0891,YouTube,22,SCHEDULE
C0892,YouTube,22,SCHEDULE
C0893,Instagram,21,SCHEDULE
C0894,Instagram,21,POST_NOW
C0895,YouTube,22,POST_NOW
C0896,Instagram,20,POST_NOW
C0897,YouTube,22,SCHEDULE
C0898,Instagram,10,POST_NOW
C0899,YouTube,22,POST_NOW
C0900,Instagram,3,SCHEDULE
C0901,YouTube,23,POST_NOW
C0902,Instagram,21,SCHEDULE
C0903,YouTube,22,SCHEDULE
C0904,YouTube,22,SCHEDULE
C0905,YouTube,22,SCHEDULE
C0906,YouTube,22,POST_NOW
C0907,YouTube,22,SCHEDULE
C0908,Instagram,19,SCHEDULE
C0909,Instagram,21,SCHEDULE
C0910,Instagram,20,SCHEDULE
C0911,Instagram,18,SCHEDULE
C0912,YouTube,22,SCHEDULE
C0913,YouTube,22,SCHEDULE
C0914,YouTube,22,POST_NOW
C0915,YouTube,22,SCHEDULE
C0916,Instagram,18,SCHEDULE
C0917,YouTube,22,SCHEDULE
C0918,Instagram,21,SCHEDULE
C0919,YouTube,22,SCHEDULE
C0920,YouTube,22,SCHEDULE
C0921,YouTube,22,POST_NOW
C0922,YouTube,22,POST_NOW
C0923,YouTube,22,POST_NOW
C0924,YouTube,10,SCHEDULE
C0925,YouTube,22,POST_NOW
C0926,YouTube,22,SCHEDULE
C0927,YouTube,22,SCHEDULE
C0928,Instagram,21,POST_NOW
C0929,YouTube,22,SCHEDULE
C0930,YouTube,22,POST_NOW
C0931,Instagram,21,POST_NOW
C0932,YouTube,22,SCHEDULE
C0933,Instagram,22,SCHEDULE
C0934,YouTube,22,SCHEDULE
C0935,Instagram,21,POST_NOW
C0936,Instagram,19,POST_NOW
C0937,YouTube,5,SCHEDULE
C0938,YouTube,22,POST_NOW
C0939,YouTube,21,POST_NOW
C0940,YouTube,22,SCHEDULE
C0941,YouTube,22,SCHEDULE
C0942,Instagram,18,SCHEDULE
C0943,YouTube,23,POST_NOW
C0944,YouTube,21,POST_NOW
C0945,YouTube,23,SCHEDULE
C0946,YouTube,22,POST_NOW
C0947,Instagram,20,POST_NOW
C0948,YouTube,22,POST_NOW
C0949,Instagram,20,SCHEDULE
C0950,Instagram,21,POST_NOW
C0951,YouTube,22,POST_NOW
C0952,Instagram,3,POST_NOW
C0953,YouTube,22,POST_NOW
C0954,YouTube,22,SCHEDULE
C0955,Instagram,20,SCHEDULE
C0956,YouTube,22,SCHEDULE
C0957,Instagram,19,SCHEDULE
C0958,Instagram,20,SCHEDULE
C0959,Instagram,20,SCHEDULE
C0960,Instagram,21,SCHEDULE
C0961,Instagram,22,SCHEDULE
C0962,Instagram,20,POST_NOW
C0963,Instagram,19,POST_NOW
C0964,YouTube,17,SCHEDULE
C0965,Instagram,18,SCHEDULE
C0966,Instagram,21,SCHEDULE
C0967,Instagram,3,SCHEDULE
C0968,YouTube,22,SCHEDULE
C0969,YouTube,22,SCHEDULE
C0970,Instagram,20,SCHEDULE
C0971,YouTube,22,POST_NOW
C0972,Instagram,18,SCHEDULE
C0973,YouTube,22,SCHEDULE
C0974,Instagram,18,POST_NOW
C0975,YouTube,22,POST_NOW
C0976,Instagram,21,POST_NOW
C0977,YouTube,22,POST_NOW
C0978,Instagram,20,SCHEDULE
C0979,Instagram,20,SCHEDULE
C0980,YouTube,22,SCHEDULE
C0981,YouTube,22,POST_NOW
C0982,Instagram,22,POST_NOW
C0983,YouTube,22,SCHEDULE
C0984,Instagram,22,POST_NOW
C0985,Instagram,20,POST_NOW
C0986,Instagram,19,SCHEDULE
C0987,YouTube,22,SCHEDULE
C0988,Instagram,20,POST_NOW
C0989,YouTube,22,SCHEDULE
C0990,Instagram,20,SCHEDULE
C0991,YouTube,21,POST_NOW
C0992,Instagram,21,SCHEDULE
C0993,YouTube,22,POST_NOW
C0994,YouTube,22,SCHEDULE
C0995,YouTube,22,SCHEDULE
C0996,YouTube,22,SCHEDULE
C0997,Instagram,20,SCHEDULE
C0998,Instagram,19,SCHEDULE
C0999,Instagram,22,SCHEDULE
C1000,Instagram,21,POST_NOW
C1001,YouTube,22,POST_NOW
C1002,YouTube,22,POST_NOW
C1003,Instagram,19,POST_NOW
C1004,Instagram,19,POST_NOW
C1005,YouTube,22,SCHEDULE
C1006,YouTube,22,POST_NOW
C1007,YouTube,22,POST_NOW
C1008,YouTube,22,SCHEDULE
C1009,YouTube,22,SCHEDULE
C1010,YouTube,22,SCHEDULE
C1011,YouTube,22,POST_NOW
C1012,YouTube,22,POST_NOW
C1013,YouTube,23,POST_NOW
C1014,YouTube,23,SCHEDULE
C1015,Instagram,20,SCHEDULE
C1016,Instagram,21,SCHEDULE
C1017,Instagram,22,SCHEDULE
C1018,Instagram,18,SCHEDULE
C1019,YouTube,22,POST_NOW
C1020,Instagram,7,SCHEDULE
C1021,YouTube,22,SCHEDULE
C1022,Instagram,20,POST_NOW
C1023,YouTube,5,SCHEDULE
C1024,Instagram,18,SCHEDULE
C1025,YouTube,10,SCHEDULE
C1026,Instagram,3,SCHEDULE
C1027,YouTube,22,SCHEDULE
C1028,YouTube,22,SCHEDULE
C1029,YouTube,22,SCHEDULE
C1030,Instagram,22,SCHEDULE
C1031,YouTube,20,POST_NOW
C1032,Instagram,17,SCHEDULE
C1033,Instagram,21,POST_NOW
C1034,YouTube,21,SCHEDULE
C1035,Instagram,21,POST_NOW
C1036,Instagram,22,SCHEDULE
C1037,YouTube,22,SCHEDULE
C1038,Instagram,21,SCHEDULE
C1039,YouTube,5,POST_NOW
C1040,YouTube,22,SCHEDULE
C1041,YouTube,23,SCHEDULE
C1042,Instagram,21,POST_NOW
C1043,Instagram,7,SCHEDULE
C1044,YouTube,22,SCHEDULE
C1045,YouTube,22,POST_NOW
C1046,YouTube,22,POST_NOW
C1047,YouTube,22,SCHEDULE
C1048,YouTube,22,POST_NOW
C1049,YouTube,20,POST_NOW
C1050,Instagram,21,POST_NOW
C1051,Instagram,20,SCHEDULE
C1052,YouTube,22,SCHEDULE
C1053,YouTube,22,SCHEDULE
C1054,Instagram,7,SCHEDULE
C1055,Instagram,21,POST_NOW
C1056,Instagram,21,SCHEDULE
C1057,YouTube,22,POST_NOW
C1058,YouTube,21,POST_NOW
C1059,Instagram,21,SCHEDULE
C1060,Instagram,20,SCHEDULE
C1061,Instagram,21,SCHEDULE
C1062,Instagram,21,SCHEDULE
C1063,Instagram,19,SCHEDULE
C1064,YouTube,22,POST_NOW
C1065,YouTube,22,SCHEDULE
C1066,Instagram,21,SCHEDULE
C1067,YouTube,21,SCHEDULE
C1068,YouTube,22,POST_NOW
C1069,Instagram,22,SCHEDULE
C1070,YouTube,17,SCHEDULE
C1071,Instagram,3,SCHEDULE
C1072,YouTube,22,SCHEDULE
C1073,Instagram,22,SCHEDULE
C1074,YouTube,22,SCHEDULE
C1075,Instagram,21,SCHEDULE
C1076,YouTube,22,POST_NOW
C1077,YouTube,22,SCHEDULE
C1078,Instagram,21,POST_NOW
C1079,Instagram,21,SCHEDULE
C1080,YouTube,22,SCHEDULE
C1081,YouTube,22,POST_NOW
C1082,YouTube,22,SCHEDULE
C1083,YouTube,22,SCHEDULE
C1084,YouTube,20,POST_NOW
C1085,Instagram,19,SCHEDULE
C1086,YouTube,22,POST_NOW
C1087,YouTube,22,SCHEDULE
C1088,Instagram,18,SCHEDULE
C1089,Instagram,20,POST_NOW
C1090,YouTube,22,SCHEDULE
C1091,Instagram,20,POST_NOW
C1092,YouTube,23,SCHEDULE
C1093,YouTube,22,POST_NOW
C1094,Instagram,18,POST_NOW
C1095,Instagram,16,SCHEDULE
C1096,Instagram,21,POST_NOW
C1097,YouTube,22,SCHEDULE
C1098,YouTube,22,POST_NOW
C1099,YouTube,21,SCHEDULE
C1100,YouTube,22,POST_NOW
C1101,Instagram,20,POST_NOW
C1102,YouTube,22,SCHEDULE
C1103,YouTube,23,SCHEDULE
C1104,Instagram,18,SCHEDULE
C1105,Instagram,22,SCHEDULE
C1106,YouTube,23,SCHEDULE
C1107,YouTube,20,SCHEDULE
C1108,Instagram,10,SCHEDULE
C1109,YouTube,22,SCHEDULE
C1110,Instagram,20,POST_NOW
C1111,Instagram,3,SCHEDULE
C1112,YouTube,22,SCHEDULE
C1113,YouTube,22,SCHEDULE
C1114,Instagram,18,SCHEDULE
C1115,YouTube,22,SCHEDULE
C1116,Instagram,17,SCHEDULE
C1117,YouTube,22,POST_NOW
C1118,Instagram,20,SCHEDULE
C1119,YouTube,20,POST_NOW
C1120,Instagram,21,SCHEDULE
C1121,YouTube,22,SCHEDULE
C1122,YouTube,22,POST_NOW
C1123,YouTube,22,POST_NOW
C1124,Instagram,18,SCHEDULE
C1125,YouTube,22,SCHEDULE
C1126,Instagram,22,POST_NOW
C1127,YouTube,22,SCHEDULE
C1128,YouTube,22,SCHEDULE
C1129,Instagram,20,SCHEDULE
C1130,YouTube,20,SCHEDULE
C1131,Instagram,17,POST_NOW
C1132,YouTube,21,SCHEDULE
C1133,YouTube,23,SCHEDULE
C1134,YouTube,22,SCHEDULE
C1135,YouTube,22,POST_NOW
C1136,Instagram,3,SCHEDULE
C1137,YouTube,22,SCHEDULE
C1138,Instagram,21,SCHEDULE
C1139,YouTube,22,SCHEDULE
C1140,Instagram,7,SCHEDULE
C1141,Instagram,20,SCHEDULE
C1142,Instagram,21,SCHEDULE
C1143,YouTube,22,SCHEDULE
C1144,Instagram,22,SCHEDULE
C1145,YouTube,22,POST_NOW
C1146,YouTube,22,POST_NOW
C1147,YouTube,22,POST_NOW
C1148,YouTube,20,POST_NOW
C1149,YouTube,22,POST_NOW
C1150,Instagram,20,SCHEDULE
C1151,Instagram,21,SCHEDULE
C1152,YouTube,22,SCHEDULE
C1153,YouTube,22,SCHEDULE
C1154,Instagram,20,SCHEDULE
C1155,YouTube,22,POST_NOW
C1156,YouTube,23,SCHEDULE
C1157,YouTube,22,POST_NOW
C1158,Instagram,17,POST_NOW
C1159,YouTube,22,POST_NOW
C1160,YouTube,17,SCHEDULE
C1161,YouTube,21,SCHEDULE
C1162,YouTube,22,POST_NOW
C1163,Instagram,19,POST_NOW
C1164,YouTube,22,SCHEDULE
C1165,Instagram,17,POST_NOW
C1166,YouTube,21,POST_NOW
C1167,Instagram,21,SCHEDULE
C1168,YouTube,22,POST_NOW
C1169,Instagram,7,SCHEDULE
C1170,YouTube,22,SCHEDULE
C1171,YouTube,22,SCHEDULE
C1172,YouTube,22,POST_NOW
C1173,YouTube,22,POST_NOW
C1174,Instagram,21,SCHEDULE
C1175,YouTube,22,SCHEDULE
C1176,Instagram,21,SCHEDULE
C1177,Instagram,3,SCHEDULE
C1178,Instagram,21,SCHEDULE
C1179,Instagram,22,POST_NOW
C1180,YouTube,22,SCHEDULE
C1181,YouTube,22,POST_NOW
C1182,Instagram,21,POST_NOW
C1183,Instagram,21,POST_NOW
C1184,YouTube,22,SCHEDULE
C1185,YouTube,21,SCHEDULE
C1186,Instagram,20,SCHEDULE
C1187,YouTube,22,POST_NOW
C1188,YouTube,22,SCHEDULE
C1189,Instagram,20,SCHEDULE
C1190,Instagram,22,POST_NOW
C1191,Instagram,21,SCHEDULE
C1192,YouTube,20,POST_NOW
C1193,YouTube,22,POST_NOW
C1194,YouTube,22,POST_NOW
C1195,Instagram,19,POST_NOW
C1196,Instagram,19,SCHEDULE
C1197,YouTube,22,POST_NOW
C1198,Instagram,20,SCHEDULE
C1199,YouTube,22,SCHEDULE
C1200,YouTube,22,POST_NOW
